Disease signature	SNPs in Disease signature	Genes in Disease signature
Disease signature 1	"rs7731560, rs237475, rs2904106"	"AL035685.1, KCNB1, ATP9A"
Disease signature 2	"rs11695478, rs7837321, rs62112949"	"TRAPPC9, LINC00683"
Disease signature 3	"rs11695478, rs7837321, rs66754206"	"TRAPPC9, LINC00683"
Disease signature 4	"rs11695478, rs7837321, rs13047599"	"TRAPPC9, SON"
Disease signature 5	"rs11695478, rs10784508, rs4984526"	"NR2F2-AS1, AC012409.2"
Disease signature 6	"rs10488419, rs2471534, rs2398428"	"EXOC4, CEP290, SLC15A4"
Disease signature 7	"rs42756, rs77677798, rs2398428"	"MCTP1, GTF3AP6, SLC15A4"
Disease signature 8	"rs7376617, rs4377693, rs60619978"	"LINC02495, SCAMP1-AS1, KCTD1"
Disease signature 9	"rs76621327, rs7376617, Affx-34417209"	"LINC02495, FBP1"
Disease signature 10	"rs7376617, rs28715644, rs5747306"	"LINC02495, RAP1GAP2, BCL2L13"
Disease signature 11	"rs35537747, rs10177290, rs7376617"	"LINC01789, AC005540.1, LINC02495"
Disease signature 12	"rs62401163, rs12530627, rs72732818"	"CYP39A1, RPL36AP45"
Disease signature 13	"rs12530627, rs72732818, rs2309099"	RPL36AP45
Disease signature 14	"rs11695478, rs58264436, rs7837321"	"TMEM232, TRAPPC9"
Disease signature 15	"rs58264436, rs7007248, rs9646604"	"TMEM232, ODF1, SOCS6"
Disease signature 16	"rs58264436, rs12309571, rs9646604"	"TMEM232, SOCS6"
Disease signature 17	"rs2592394, rs58264436, rs7926655"	"HOXD-AS2, TMEM232, SLC5A12"
Disease signature 18	"rs58264436, rs994779, rs7159803"	"TMEM232, TTC6"
Disease signature 19	"rs72711020, rs58264436, rs9646604"	"S100A2, TMEM232, SOCS6"
Disease signature 20	"rs58264436, rs4526126, rs10500403"	"TMEM232, FAM153C, AC027130.1, IQCK"
Disease signature 21	"rs58264436, rs4524616, rs7101688"	"TMEM232, AL589740.1, OR52M1"
Disease signature 22	"rs7731560, rs62521813, rs237475, rs2904106"	"C8orf34, AL035685.1, KCNB1, ATP9A"
Disease signature 23	"rs7731560, rs11221492, rs237475, rs2904106"	"AP000920.1, AL035685.1, KCNB1, ATP9A"
Disease signature 24	"rs58634322, rs7731560, rs237475, rs2904106"	"AC009486.1, AL035685.1, KCNB1, ATP9A"
Disease signature 25	"rs57169846, rs11030639, rs16947237, rs4777865"	"AC009468.1, STIM1, GPC5, AC091078.1"
Disease signature 26	"rs4738034, rs16947237, rs61744697, rs9979510"	"AC079089.1, GPC5, DNAH9, AF212831.1"
Disease signature 27	"rs4738034, rs16947237, rs79935615, rs9979510"	"AC079089.1, GPC5, DNAH9, AF212831.1"
Disease signature 28	"rs11030639, rs16947237, rs1956944, rs4777865"	"STIM1, GPC5, OR7K1P, AC091078.1"
Disease signature 29	"rs11780906, rs7913215, rs16947237, rs6062914"	"ADCY8, GDI2, GPC5, CHRNA4"
Disease signature 30	"rs13414838, rs17779800, rs16947237, rs351224"	"NMS, GPC5, STRA6"
Disease signature 31	"rs13414838, rs9869834, rs16947237, rs351224"	"NMS, SYNPR, SYNPR-AS1, GPC5, STRA6"
Disease signature 32	"rs12712033, rs9403525, rs12950480, rs3556"	"KIAA1211L, PHACTR2, STX8, PEPD"
Disease signature 33	"rs9403525, rs2028009, rs35463808, rs2244010"	"PHACTR2, LINC02577, DPF3, AP000561.1"
Disease signature 34	"rs9403525, rs2028009, rs649372, rs35463808"	"PHACTR2, LINC02577, SERTM1, DPF3"
Disease signature 35	"rs13138313, rs9403525, rs9299270, rs35774571"	"AC108206.1, PHACTR2, AL441989.1, CBLN2"
Disease signature 36	"rs74135796, rs12332121, rs13285566, rs3785477"	"AL450244.1, LINC02214, ZNF618, AKAP1"
Disease signature 37	"rs4844861, rs11135368, rs3785477, rs206604"	"LAMB3, AC008415.1, AKAP1, AP005209.1"
Disease signature 38	"rs817095, rs1566129, rs3785477, rs10470164"	"AC009975.2, AC009975.1, NID2, AKAP1, HUNK"
Disease signature 39	"rs35388418, rs4601136, rs1445326, rs3785477"	"AC097491.1, AL589740.1, AKAP1"
Disease signature 40	"rs2029952, rs3779859, rs7952262, rs35868427"	"AC122138.1, MYOM2, NELL1, ETV6"
Disease signature 41	"rs1020411, rs2029952, rs3798276, rs7027070"	"AC122138.1, TINAG, PAX5"
Disease signature 42	"rs2029952, rs17009338, rs72708234, rs684232"	"AC122138.1, CCDC59, VPS53"
Disease signature 43	"rs2029952, rs17009338, rs684232, rs2190805"	"AC122138.1, CCDC59, VPS53, AC006504.7, AC005357.2"
Disease signature 44	"rs2029952, rs17773312, rs684232, rs2190805"	"AC122138.1, CCDC59, VPS53, AC006504.7, AC005357.2"
Disease signature 45	"rs60600282, rs2029952, rs12515588, rs12422918"	"IGKV1OR2-108, AC122138.1, AC008581.2, ZBED3-AS1, AC022414.1, SRGAP1"
Disease signature 46	"rs7624046, rs6842554, rs2029952, rs11839732"	"KCNMB2-AS1, KCNMB2, AC117457.1, AC097110.1, AC122138.1"
Disease signature 47	"rs41306603, rs58634322, rs7731560, rs237475, rs2904106"	"S100PBP, AC009486.1, AL035685.1, KCNB1, ATP9A"
Disease signature 48	"rs58634322, rs7731560, rs77821266, rs237475, rs2904106"	"AC009486.1, AP001978.1, AL035685.1, KCNB1, ATP9A"
Disease signature 49	"rs1986655, rs34694271, rs2499908, rs73021223, rs1644757"	"FAT4, USP6NL, CDON, CAMSAP3"
Disease signature 50	"rs17571877, rs56309153, rs6912599, rs2499908, rs2378865"	"LINC02238, ATOH8, OFCC1, USP6NL, AL139353.1, HEATR5A"
Disease signature 51	"rs56309153, rs35396333, rs6912599, rs2499908, rs2378865"	"ATOH8, YTHDC2, OFCC1, USP6NL, AL139353.1, HEATR5A"
Disease signature 52	"rs56309153, rs35396333, rs6912599, rs2499908, rs7157977"	"ATOH8, YTHDC2, OFCC1, USP6NL, AL139353.1, HEATR5A"
Disease signature 53	"rs946448, rs7605428, Affx-33425392, rs73021223, rs6561713"	"CYB5RL, AL357673.1, MRPL37, AC007402.1, FREM1, CDON, AL450423.1"
Disease signature 54	"rs12562306, rs7605428, Affx-33425392, rs73021223, rs6561713"	"CYB5RL, AL357673.1, MRPL37, AC007402.1, FREM1, CDON, AL450423.1"
Disease signature 55	"rs72864990, rs9876108, rs6835113, rs209165, rs73021223"	"FMNL2, LINC00882, ELOVL6, RPL13P, LINC01623, CDON"
Disease signature 56	"rs946448, rs7605428, rs116395696, Affx-33425392, rs73021223"	"CYB5RL, AL357673.1, MRPL37, AC007402.1, FREM1, CDON"
Disease signature 57	"rs12562306, rs7605428, rs116395696, Affx-33425392, rs73021223"	"CYB5RL, AL357673.1, MRPL37, AC007402.1, FREM1, CDON"
Disease signature 58	"rs1267267, rs7930105, rs73021223, rs9304634, rs2042286"	"MPLKIP, FBXO3, CDON, LINC00906"
Disease signature 59	"rs6861966, rs10884539, rs954090, rs4932370, rs59165976"	"LINC01435, PTPRR, RN7SL363P, INSR"
Disease signature 60	"rs10501233, rs7122851, rs2269787, rs4788817, rs59165976"	"LRRC4C, AC090720.1, AP000446.1, SYT17, AC009097.2, INSR"
Disease signature 61	"rs12044097, rs570817, rs10501233, rs6491316, rs59165976"	"SPTA1, CFAP77, LRRC4C, AC090720.1, INSR"
Disease signature 62	"rs61825301, rs35186300, rs570817, rs10501233, rs59165976"	"OBSCN, CFAP77, LRRC4C, AC090720.1, INSR"
Disease signature 63	"rs2304725, rs1395905, rs949730, rs10420798, Affx-16805420"	"SLC6A11, AC027804.1, SYT1, AC090709.1, AC008738.6, SULF2"
Disease signature 64	"rs12490191, rs2304725, rs1395905, rs10420798, Affx-16805420"	"SSUH2, SLC6A11, AC027804.1, AC008738.6, SULF2"
Disease signature 65	"rs12464809, rs62254551, rs6832769, rs9444564, rs4313118"	"RN7SKP93, AC134729.1, CLOCK, TMEM165, AL590392.1, AC104370.1"
Disease signature 66	"rs2985754, rs726471, rs1327804, rs11839732, rs10403668"	"NRCAM, TPT1P9, AP1M2"
Disease signature 67	"rs13015713, rs1917097, rs4745697, rs11839732, rs4813374"	"SUCLA2P2, AC108752.1, RIN2"
Disease signature 68	"rs879665, rs1917097, rs10503277, rs519138, rs11839732"	"MROH2A, AC108752.1, CSMD1, AC091096.1"
Disease signature 69	"rs4144251, rs56045138, rs17052708, rs11839732, rs11696277"	"AC012368.1, LINC00445, PCSK2"
Disease signature 70	"rs73797049, rs11769606, rs28846183, rs12812478, rs11839732"	"ABLIM2, ZNF767P, CASC8"
Disease signature 71	"rs2985754, rs726471, rs1327804, rs917602, rs11839732"	"NRCAM, TPT1P9, PRMT8"
Disease signature 72	"rs817095, rs62452969, rs1566129, rs3785477, rs75827101"	"AC009975.2, AC009975.1, AC007001.1, AC005062.1, NID2, AKAP1, LDLRAD4"
Disease signature 73	"rs74135796, rs2611215, rs758682, rs4501964, rs3785477"	"AL450244.1, AC093655.1, TEAD1, AKAP1"
Disease signature 74	"rs12550751, rs4760980, rs12930636, rs3785477, rs11910362"	"GPIHBP1, AC025252.1, AC093515.1, AKAP1"
Disease signature 75	"rs2236212, rs10764325, rs7953236, rs17136255, rs3785477"	"ELOVL2, CACNB2, AXIN1, AKAP1"
Disease signature 76	"rs2236212, rs10764325, rs17136255, rs3785477, rs2243408"	"ELOVL2, CACNB2, AXIN1, AKAP1"
Disease signature 77	"rs10018406, rs75548762, rs4601136, rs1445326, rs3785477"	"AC097491.1, HMGN3, AL589740.1, AKAP1"
Disease signature 78	"rs10018406, rs4601136, rs116842259, rs1445326, rs3785477"	"AC097491.1, AL589740.1, INSC, AKAP1"
Disease signature 79	"rs10011047, rs4601136, rs116842259, rs1445326, rs3785477"	"AC097491.1, AL589740.1, INSC, AKAP1"
Disease signature 80	"rs2236212, rs55652946, rs10764325, rs17136255, rs3785477"	"ELOVL2, CACNB2, AXIN1, AKAP1"
Disease signature 81	"rs17812116, rs10011047, rs4601136, rs1445326, rs3785477"	"SUCLG2-AS1, AC097491.1, AL589740.1, AKAP1"
Disease signature 82	"rs4920832, rs62584791, rs7134469, rs3785477, rs8107775"	"RPS2P25, AKAP1, R3HDM4"
Disease signature 83	"rs35388418, rs4601136, rs116842259, rs1445326, rs3785477"	"AC097491.1, AL589740.1, INSC, AKAP1"
Disease signature 84	"rs62388082, rs2236212, rs10764325, rs17136255, rs3785477"	"ELOVL2, CACNB2, AXIN1, AKAP1"
